word,wordFreq,letterFreqSum,letterPosFreqSum,ELR
CIGAR,3993843.0,3327,840,0.84
REBUT,235254.0,3602,737,0.8200000000000001
SISSY,1410911.0,1762,1181,0.6
HUMPH,60767.0,1534,502,0.48
AWAKE,3230337.0,2609,967,0.8200000000000001
BLUSH,1722003.0,2517,846,0.8200000000000001
FOCAL,5844761.0,3148,787,0.76
EVADE,605626.0,2750,884,0.8200000000000001
NAVAL,8091649.0,2416,707,0.84
SERVE,36697856.0,2947,1236,0.88
